task,method,route_method,lora_mode,shared_modules,lora_modules,rank,seed,sess,status,log_file
MNLI,Uniform-all12-r5,baseline_all12_r5,standard,attn,"attn,ffn",5,1,dp_task=MNLI_method=Uniform-all12-r5_rank=5_seed=1_mnli_focus_12g_cmp,done,/mnt/d/project/Language-Understanding-RoBERTa/bert_lora/log_dir/MNLI/dp_task=MNLI_method=Uniform-all12-r5_rank=5_seed=1_mnli_focus_12g_cmp_train_log.txt
MNLI,Uniform-all12-r5,baseline_all12_r5,standard,attn,"attn,ffn",5,2,dp_task=MNLI_method=Uniform-all12-r5_rank=5_seed=2_mnli_focus_12g_cmp,done,/mnt/d/project/Language-Understanding-RoBERTa/bert_lora/log_dir/MNLI/dp_task=MNLI_method=Uniform-all12-r5_rank=5_seed=2_mnli_focus_12g_cmp_train_log.txt
MNLI,Uniform-all12-r5,baseline_all12_r5,standard,attn,"attn,ffn",5,3,dp_task=MNLI_method=Uniform-all12-r5_rank=5_seed=3_mnli_focus_12g_cmp,done,/mnt/d/project/Language-Understanding-RoBERTa/bert_lora/log_dir/MNLI/dp_task=MNLI_method=Uniform-all12-r5_rank=5_seed=3_mnli_focus_12g_cmp_train_log.txt
MNLI,independent_attn_only,independent_attn_only,standard,attn,attn,5,1,dp_task=MNLI_method=independent_attn_only_rank=5_seed=1_mnli_focus_12g_cmp,done,/mnt/d/project/Language-Understanding-RoBERTa/bert_lora/log_dir/MNLI/dp_task=MNLI_method=independent_attn_only_rank=5_seed=1_mnli_focus_12g_cmp_train_log.txt
MNLI,independent_attn_only,independent_attn_only,standard,attn,attn,5,2,dp_task=MNLI_method=independent_attn_only_rank=5_seed=2_mnli_focus_12g_cmp,done,/mnt/d/project/Language-Understanding-RoBERTa/bert_lora/log_dir/MNLI/dp_task=MNLI_method=independent_attn_only_rank=5_seed=2_mnli_focus_12g_cmp_train_log.txt
MNLI,independent_attn_only,independent_attn_only,standard,attn,attn,5,3,dp_task=MNLI_method=independent_attn_only_rank=5_seed=3_mnli_focus_12g_cmp,done,/mnt/d/project/Language-Understanding-RoBERTa/bert_lora/log_dir/MNLI/dp_task=MNLI_method=independent_attn_only_rank=5_seed=3_mnli_focus_12g_cmp_train_log.txt
MNLI,shared_attn_only,shared_attn_only,shared_right,attn,attn,5,1,dp_task=MNLI_method=shared_attn_only_rank=5_seed=1_mnli_focus_12g_cmp,done,/mnt/d/project/Language-Understanding-RoBERTa/bert_lora/log_dir/MNLI/dp_task=MNLI_method=shared_attn_only_rank=5_seed=1_mnli_focus_12g_cmp_train_log.txt
MNLI,shared_attn_only,shared_attn_only,shared_right,attn,attn,5,2,dp_task=MNLI_method=shared_attn_only_rank=5_seed=2_mnli_focus_12g_cmp,done,/mnt/d/project/Language-Understanding-RoBERTa/bert_lora/log_dir/MNLI/dp_task=MNLI_method=shared_attn_only_rank=5_seed=2_mnli_focus_12g_cmp_train_log.txt
MNLI,shared_attn_only,shared_attn_only,shared_right,attn,attn,5,3,dp_task=MNLI_method=shared_attn_only_rank=5_seed=3_mnli_focus_12g_cmp,done,/mnt/d/project/Language-Understanding-RoBERTa/bert_lora/log_dir/MNLI/dp_task=MNLI_method=shared_attn_only_rank=5_seed=3_mnli_focus_12g_cmp_train_log.txt
